  common: 'South Africa',
  official: 'Republic of South Africa',
  nativeName: {
    afr: { official: 'Republiek van Suid-Afrika', common: 'South Africa' },
    eng: { official: 'Republic of South Africa', common: 'South Africa' },
    nbl: {
      official: 'IRiphabliki yeSewula Afrika',
      common: 'Sewula Afrika'
    },
    nso: {
      official: 'Rephaboliki ya Afrika-Borwa ',
      common: 'Afrika-Borwa'
    },
    sot: { official: 'Rephaboliki ya Afrika Borwa', common: 'Afrika Borwa' },
    ssw: {
      official: 'IRiphabhulikhi yeNingizimu Afrika',
      common: 'Ningizimu Afrika'
    },
    tsn: {
      official: 'Rephaboliki ya Aforika Borwa',
      common: 'Aforika Borwa'
    },
    tso: {
      official: 'Riphabliki ra Afrika Dzonga',
      common: 'Afrika Dzonga'
    },
    ven: {
      official: 'Riphabuḽiki ya Afurika Tshipembe',
      common: 'Afurika Tshipembe'
    },
    xho: {
      official: 'IRiphabliki yaseMzantsi Afrika',
      common: 'Mzantsi Afrika'
    },
    zul: {
      official: 'IRiphabliki yaseNingizimu Afrika',
      common: 'Ningizimu Afrika'
    }
  }
}
Africa
Southern Africa
59308690
{
  common: 'Svalbard and Jan Mayen',
  official: 'Svalbard og Jan Mayen',
  nativeName: {
    nor: {
      official: 'Svalbard og Jan Mayen',
      common: 'Svalbard og Jan Mayen'
    }
  }
}
Europe
Northern Europe
2562
{
  common: 'Samoa',
  official: 'Independent State of Samoa',
  nativeName: {
    eng: { official: 'Independent State of Samoa', common: 'Samoa' },
    smo: { official: 'Malo Saʻoloto Tutoʻatasi o Sāmoa', common: 'Sāmoa' }
  }
}
Oceania
Polynesia
198410
{
  common: 'Gambia',
  official: 'Republic of the Gambia',
  nativeName: { eng: { official: 'Republic of the Gambia', common: 'Gambia' } }
}
Africa
Western Africa
2416664
{
  common: 'Saint Kitts and Nevis',
  official: 'Federation of Saint Christopher and Nevis',
  nativeName: {
    eng: {
      official: 'Federation of Saint Christopher and Nevis',
      common: 'Saint Kitts and Nevis'
    }
  }
}
Americas
Caribbean
53192
{
  common: 'Monaco',
  official: 'Principality of Monaco',
  nativeName: { fra: { official: 'Principauté de Monaco', common: 'Monaco' } }
}
Europe
Western Europe
39244
{
  common: 'Aruba',
  official: 'Aruba',
  nativeName: {
    nld: { official: 'Aruba', common: 'Aruba' },
    pap: { official: 'Aruba', common: 'Aruba' }
  }
}
Americas
Caribbean
106766
{
  common: 'Guinea-Bissau',
  official: 'Republic of Guinea-Bissau',
  nativeName: {
    por: { official: 'República da Guiné-Bissau', common: 'Guiné-Bissau' },
    pov: { official: 'República da Guiné-Bissau', common: 'Guiné-Bissau' }
  }
}
Africa
Western Africa
1967998
{
  common: 'North Korea',
  official: "Democratic People's Republic of Korea",
  nativeName: { kor: { official: '조선민주주의인민공화국', common: '조선' } }
}
Asia
Eastern Asia
25778815
{
  common: 'Paraguay',
  official: 'Republic of Paraguay',
  nativeName: {
    grn: { official: 'Tetã Paraguái', common: 'Paraguái' },
    spa: { official: 'República de Paraguay', common: 'Paraguay' }
  }
}
Americas
South America
7132530
{
  common: 'Bermuda',
  official: 'Bermuda',
  nativeName: { eng: { official: 'Bermuda', common: 'Bermuda' } }
}
Americas
North America
63903
{
  common: 'Republic of the Congo',
  official: 'Republic of the Congo',
  nativeName: {
    fra: { official: 'République du Congo', common: 'République du Congo' },
    kon: { official: 'Repubilika ya Kongo', common: 'Repubilika ya Kongo' },
    lin: { official: 'Republíki ya Kongó', common: 'Republíki ya Kongó' }
  }
}
Africa
Middle Africa
5657000
{
  common: 'United States Virgin Islands',
  official: 'Virgin Islands of the United States',
  nativeName: {
    eng: {
      official: 'Virgin Islands of the United States',
      common: 'United States Virgin Islands'
    }
  }
}
Americas
Caribbean
106290
{
  common: 'Antigua and Barbuda',
  official: 'Antigua and Barbuda',
  nativeName: {
    eng: { official: 'Antigua and Barbuda', common: 'Antigua and Barbuda' }
  }
}
Americas
Caribbean
97928
{
  common: 'United Kingdom',
  official: 'United Kingdom of Great Britain and Northern Ireland',
  nativeName: {
    eng: {
      official: 'United Kingdom of Great Britain and Northern Ireland',
      common: 'United Kingdom'
    }
  }
}
Europe
Northern Europe
67215293
{
  common: 'Mozambique',
  official: 'Republic of Mozambique',
  nativeName: {
    por: { official: 'República de Moçambique', common: 'Moçambique' }
  }
}
Africa
Eastern Africa
31255435
{
  common: 'Martinique',
  official: 'Martinique',
  nativeName: { fra: { official: 'Martinique', common: 'Martinique' } }
}
Americas
Caribbean
378243
{
  common: 'British Virgin Islands',
  official: 'Virgin Islands',
  nativeName: {
    eng: { official: 'Virgin Islands', common: 'British Virgin Islands' }
  }
}
Americas
Caribbean
30237
{
  common: 'Somalia',
  official: 'Federal Republic of Somalia',
  nativeName: {
    ara: { official: 'جمهورية الصومال‎‎', common: 'الصومال‎‎' },
    som: {
      official: 'Jamhuuriyadda Federaalka Soomaaliya',
      common: 'Soomaaliya'
    }
  }
}
Africa
Eastern Africa
15893219
{
  common: 'Montserrat',
  official: 'Montserrat',
  nativeName: { eng: { official: 'Montserrat', common: 'Montserrat' } }
}
Americas
Caribbean
4922
{
  common: 'Northern Mariana Islands',
  official: 'Commonwealth of the Northern Mariana Islands',
  nativeName: {
    cal: {
      official: 'Commonwealth of the Northern Mariana Islands',
      common: 'Northern Mariana Islands'
    },
    cha: {
      official: 'Sankattan Siha Na Islas Mariånas',
      common: 'Na Islas Mariånas'
    },
    eng: {
      official: 'Commonwealth of the Northern Mariana Islands',
      common: 'Northern Mariana Islands'
    }
  }
}
Oceania
Micronesia
57557
{
  common: 'Singapore',
  official: 'Republic of Singapore',
  nativeName: {
    zho: { official: '新加坡共和国', common: '新加坡' },
    eng: { official: 'Republic of Singapore', common: 'Singapore' },
    msa: { official: 'Republik Singapura', common: 'Singapura' },
    tam: { official: 'சிங்கப்பூர் குடியரசு', common: 'சிங்கப்பூர்' }
  }
}
Asia
South-Eastern Asia
5685807
{
  common: 'Turks and Caicos Islands',
  official: 'Turks and Caicos Islands',
  nativeName: {
    eng: {
      official: 'Turks and Caicos Islands',
      common: 'Turks and Caicos Islands'
    }
  }
}
Americas
Caribbean
38718
{
  common: 'Nicaragua',
  official: 'Republic of Nicaragua',
  nativeName: { spa: { official: 'República de Nicaragua', common: 'Nicaragua' } }
}
Americas
Central America
6624554
{
  common: 'Norfolk Island',
  official: 'Territory of Norfolk Island',
  nativeName: {
    eng: {
      official: 'Territory of Norfolk Island',
      common: 'Norfolk Island'
    },
    pih: { official: "Teratri of Norf'k Ailen", common: "Norf'k Ailen" }
  }
}
Oceania
Australia and New Zealand
2302
{
  common: 'Saint Vincent and the Grenadines',
  official: 'Saint Vincent and the Grenadines',
  nativeName: {
    eng: {
      official: 'Saint Vincent and the Grenadines',
      common: 'Saint Vincent and the Grenadines'
    }
  }
}
Americas
Caribbean
110947
{
  common: 'Peru',
  official: 'Republic of Peru',
  nativeName: {
    aym: { official: 'Piruw Suyu', common: 'Piruw' },
    que: { official: 'Piruw Ripuwlika', common: 'Piruw' },
    spa: { official: 'República del Perú', common: 'Perú' }
  }
}
Americas
South America
32971846
{
  common: 'Mexico',
  official: 'United Mexican States',
  nativeName: { spa: { official: 'Estados Unidos Mexicanos', common: 'México' } }
}
Americas
North America
128932753
{
  common: 'Equatorial Guinea',
  official: 'Republic of Equatorial Guinea',
  nativeName: {
    fra: {
      official: 'République de la Guinée Équatoriale',
      common: 'Guinée équatoriale'
    },
    por: {
      official: 'República da Guiné Equatorial',
      common: 'Guiné Equatorial'
    },
    spa: {
      official: 'República de Guinea Ecuatorial',
      common: 'Guinea Ecuatorial'
    }
  }
}
Africa
Middle Africa
1402985
{
  common: 'Bosnia and Herzegovina',
  official: 'Bosnia and Herzegovina',
  nativeName: {
    bos: { official: 'Bosna i Hercegovina', common: 'Bosna i Hercegovina' },
    hrv: { official: 'Bosna i Hercegovina', common: 'Bosna i Hercegovina' },
    srp: { official: 'Босна и Херцеговина', common: 'Босна и Херцеговина' }
  }
}
Europe
Southeast Europe
3280815
{
  common: 'Bahrain',
  official: 'Kingdom of Bahrain',
  nativeName: { ara: { official: 'مملكة البحرين', common: '‏البحرين' } }
}
Asia
Western Asia
1701583
{
  common: 'Macau',
  official: "Macao Special Administrative Region of the People's Republic of China",
  nativeName: {
    por: {
      official: 'Região Administrativa Especial de Macau da República Popular da China',
      common: 'Macau'
    },
    zho: { official: '中华人民共和国澳门特别行政区', common: '澳门' }
  }
}
Asia
Eastern Asia
649342
{
  common: 'Barbados',
  official: 'Barbados',
  nativeName: { eng: { official: 'Barbados', common: 'Barbados' } }
}
Americas
Caribbean
287371
{
  common: 'Uzbekistan',
  official: 'Republic of Uzbekistan',
  nativeName: {
    rus: { official: 'Республика Узбекистан', common: 'Узбекистан' },
    uzb: { official: "O'zbekiston Respublikasi", common: 'O‘zbekiston' }
  }
}
Asia
Central Asia
34232050
{
  common: 'Réunion',
  official: 'Réunion Island',
  nativeName: { fra: { official: 'Ile de la Réunion', common: 'La Réunion' } }
}
Africa
Eastern Africa
840974
{
  common: 'China',
  official: "People's Republic of China",
  nativeName: { zho: { official: '中华人民共和国', common: '中国' } }
}
Asia
Eastern Asia
1402112000
{
  common: 'Malawi',
  official: 'Republic of Malawi',
  nativeName: {
    eng: { official: 'Republic of Malawi', common: 'Malawi' },
    nya: { official: 'Chalo cha Malawi, Dziko la Malaŵi', common: 'Malaŵi' }
  }
}
Africa
Eastern Africa
19129955
{
  common: 'Zimbabwe',
  official: 'Republic of Zimbabwe',
  nativeName: {
    bwg: { official: 'Republic of Zimbabwe', common: 'Zimbabwe' },
    eng: { official: 'Republic of Zimbabwe', common: 'Zimbabwe' },
    kck: { official: 'Republic of Zimbabwe', common: 'Zimbabwe' },
    khi: { official: 'Republic of Zimbabwe', common: 'Zimbabwe' },
    ndc: { official: 'Republic of Zimbabwe', common: 'Zimbabwe' },
    nde: { official: 'Republic of Zimbabwe', common: 'Zimbabwe' },
    nya: { official: 'Republic of Zimbabwe', common: 'Zimbabwe' },
    sna: { official: 'Republic of Zimbabwe', common: 'Zimbabwe' },
    sot: { official: 'Republic of Zimbabwe', common: 'Zimbabwe' },
    toi: { official: 'Republic of Zimbabwe', common: 'Zimbabwe' },
    tsn: { official: 'Republic of Zimbabwe', common: 'Zimbabwe' },
    tso: { official: 'Republic of Zimbabwe', common: 'Zimbabwe' },
    ven: { official: 'Republic of Zimbabwe', common: 'Zimbabwe' },
    xho: { official: 'Republic of Zimbabwe', common: 'Zimbabwe' },
    zib: { official: 'Republic of Zimbabwe', common: 'Zimbabwe' }
  }
}
Africa
Southern Africa
14862927
{
  common: 'Spain',
  official: 'Kingdom of Spain',
  nativeName: { spa: { official: 'Reino de España', common: 'España' } }
}
Europe
Southern Europe
47351567
{
  common: 'Kenya',
  official: 'Republic of Kenya',
  nativeName: {
    eng: { official: 'Republic of Kenya', common: 'Kenya' },
    swa: { official: 'Republic of Kenya', common: 'Kenya' }
  }
}
Africa
Eastern Africa
53771300
{
  common: 'Pakistan',
  official: 'Islamic Republic of Pakistan',
  nativeName: {
    eng: { official: 'Islamic Republic of Pakistan', common: 'Pakistan' },
    urd: { official: 'اسلامی جمہوریۂ پاكستان', common: 'پاكستان' }
  }
}
Asia
Southern Asia
220892331
{
  common: 'Christmas Island',
  official: 'Territory of Christmas Island',
  nativeName: {
    eng: {
      official: 'Territory of Christmas Island',
      common: 'Christmas Island'
    }
  }
}
Oceania
Australia and New Zealand
2072
{
  common: 'Fiji',
  official: 'Republic of Fiji',
  nativeName: {
    eng: { official: 'Republic of Fiji', common: 'Fiji' },
    fij: { official: 'Matanitu Tugalala o Viti', common: 'Viti' },
    hif: { official: 'रिपब्लिक ऑफ फीजी', common: 'फिजी' }
  }
}
Oceania
Melanesia
896444
{
  common: 'Eswatini',
  official: 'Kingdom of Eswatini',
  nativeName: {
    eng: { official: 'Kingdom of Eswatini', common: 'Eswatini' },
    ssw: { official: 'Umbuso weSwatini', common: 'eSwatini' }
  }
}
Africa
Southern Africa
1160164
{
  common: 'Jersey',
  official: 'Bailiwick of Jersey',
  nativeName: {
    eng: { official: 'Bailiwick of Jersey', common: 'Jersey' },
    fra: { official: 'Bailliage de Jersey', common: 'Jersey' },
    nrf: { official: 'Bailliage dé Jèrri', common: 'Jèrri' }
  }
}
Europe
Northern Europe
100800
{
  common: 'Taiwan',
  official: 'Republic of China (Taiwan)',
  nativeName: { zho: { official: '中華民國', common: '台灣' } }
}
Asia
Eastern Asia
23503349
{
  common: 'Sri Lanka',
  official: 'Democratic Socialist Republic of Sri Lanka',
  nativeName: {
    sin: {
      official: 'ශ්‍රී ලංකා ප්‍රජාතාන්ත්‍රික සමාජවාදී ජනරජය',
      common: 'ශ්‍රී ලංකාව'
    },
    tam: { official: 'இலங்கை சனநாயக சோசலிசக் குடியரசு', common: 'இலங்கை' }
  }
}
Asia
Southern Asia
21919000
{
  common: 'Belarus',
  official: 'Republic of Belarus',
  nativeName: {
    bel: { official: 'Рэспубліка Беларусь', common: 'Белару́сь' },
    rus: { official: 'Республика Беларусь', common: 'Беларусь' }
  }
}
Europe
Eastern Europe
9398861
{
  common: 'United Arab Emirates',
  official: 'United Arab Emirates',
  nativeName: {
    ara: {
      official: 'الإمارات العربية المتحدة',
      common: 'دولة الإمارات العربية المتحدة'
    }
  }
}
Asia
Western Asia
9890400
{
  common: 'Curaçao',
  official: 'Country of Curaçao',
  nativeName: {
    eng: { official: 'Country of Curaçao', common: 'Curaçao' },
    nld: { official: 'Land Curaçao', common: 'Curaçao' },
    pap: { official: 'Pais Kòrsou', common: 'Pais Kòrsou' }
  }
}
Americas
Caribbean
155014
{
  common: 'Costa Rica',
  official: 'Republic of Costa Rica',
  nativeName: {
    spa: { official: 'República de Costa Rica', common: 'Costa Rica' }
  }
}
Americas
Central America
5094114
{
  common: 'Angola',
  official: 'Republic of Angola',
  nativeName: { por: { official: 'República de Angola', common: 'Angola' } }
}
Africa
Middle Africa
32866268
{
  common: 'Uruguay',
  official: 'Oriental Republic of Uruguay',
  nativeName: {
    spa: { official: 'República Oriental del Uruguay', common: 'Uruguay' }
  }
}
Americas
South America
3473727
{
  common: 'DR Congo',
  official: 'Democratic Republic of the Congo',
  nativeName: {
    fra: {
      official: 'République démocratique du Congo',
      common: 'RD Congo'
    },
    kon: {
      official: 'Repubilika ya Kongo Demokratiki',
      common: 'Repubilika ya Kongo Demokratiki'
    },
    lin: {
      official: 'Republiki ya Kongó Demokratiki',
      common: 'Republiki ya Kongó Demokratiki'
    },
    lua: {
      official: 'Ditunga dia Kongu wa Mungalaata',
      common: 'Ditunga dia Kongu wa Mungalaata'
    },
    swa: {
      official: 'Jamhuri ya Kidemokrasia ya Kongo',
      common: 'Jamhuri ya Kidemokrasia ya Kongo'
    }
  }
}
Africa
Middle Africa
108407721
{
  common: 'Kuwait',
  official: 'State of Kuwait',
  nativeName: { ara: { official: 'دولة الكويت', common: 'الكويت' } }
}
Asia
Western Asia
4270563
{
  common: 'Turkey',
  official: 'Republic of Turkey',
  nativeName: { tur: { official: 'Türkiye Cumhuriyeti', common: 'Türkiye' } }
}
Asia
Western Asia
84339067
{
  common: 'Mauritania',
  official: 'Islamic Republic of Mauritania',
  nativeName: {
    ara: {
      official: 'الجمهورية الإسلامية الموريتانية',
      common: 'موريتانيا'
    }
  }
}
Africa
Western Africa
4649660
{
  common: 'Tuvalu',
  official: 'Tuvalu',
  nativeName: {
    eng: { official: 'Tuvalu', common: 'Tuvalu' },
    tvl: { official: 'Tuvalu', common: 'Tuvalu' }
  }
}
Oceania
Polynesia
11792
{
  common: 'Panama',
  official: 'Republic of Panama',
  nativeName: { spa: { official: 'República de Panamá', common: 'Panamá' } }
}
Americas
Central America
4314768
{
  common: 'Egypt',
  official: 'Arab Republic of Egypt',
  nativeName: { ara: { official: 'جمهورية مصر العربية', common: 'مصر' } }
}
Africa
Northern Africa
102334403
{
  common: 'Saint Lucia',
  official: 'Saint Lucia',
  nativeName: { eng: { official: 'Saint Lucia', common: 'Saint Lucia' } }
}
Americas
Caribbean
183629
{
  common: 'Azerbaijan',
  official: 'Republic of Azerbaijan',
  nativeName: {
    aze: { official: 'Azərbaycan Respublikası', common: 'Azərbaycan' }
  }
}
Asia
Western Asia
10110116
{
  common: 'Rwanda',
  official: 'Republic of Rwanda',
  nativeName: {
    eng: { official: 'Republic of Rwanda', common: 'Rwanda' },
    fra: { official: 'République rwandaise', common: 'Rwanda' },
    kin: { official: "Repubulika y'u Rwanda", common: 'Rwanda' }
  }
}
Africa
Eastern Africa
12952209
{
  common: 'Senegal',
  official: 'Republic of Senegal',
  nativeName: { fra: { official: 'République du Sénégal', common: 'Sénégal' } }
}
Africa
Western Africa
16743930
{
  common: 'India',
  official: 'Republic of India',
  nativeName: {
    eng: { official: 'Republic of India', common: 'India' },
    hin: { official: 'भारत गणराज्य', common: 'भारत' },
    tam: { official: 'இந்தியக் குடியரசு', common: 'இந்தியா' }
  }
}
Asia
Southern Asia
1380004385
{
  common: 'Iceland',
  official: 'Iceland',
  nativeName: { isl: { official: 'Ísland', common: 'Ísland' } }
}
Europe
Northern Europe
366425
{
  common: 'Suriname',
  official: 'Republic of Suriname',
  nativeName: { nld: { official: 'Republiek Suriname', common: 'Suriname' } }
}
Americas
South America
586634
{
  common: 'Bulgaria',
  official: 'Republic of Bulgaria',
  nativeName: { bul: { official: 'Република България', common: 'България' } }
}
Europe
Southeast Europe
6927288
{
  common: 'Micronesia',
  official: 'Federated States of Micronesia',
  nativeName: {
    eng: {
      official: 'Federated States of Micronesia',
      common: 'Micronesia'
    }
  }
}
Oceania
Micronesia
115021
{
  common: 'Kosovo',
  official: 'Republic of Kosovo',
  nativeName: {
    sqi: { official: 'Republika e Kosovës', common: 'Kosova' },
    srp: { official: 'Република Косово', common: 'Косово' }
  }
}
Europe
Southeast Europe
1775378
{
  common: 'Sierra Leone',
  official: 'Republic of Sierra Leone',
  nativeName: {
    eng: { official: 'Republic of Sierra Leone', common: 'Sierra Leone' }
  }
}
Africa
Western Africa
7976985
{
  common: 'Tunisia',
  official: 'Tunisian Republic',
  nativeName: { ara: { official: 'الجمهورية التونسية', common: 'تونس' } }
}
Africa
Northern Africa
11818618
{
  common: 'Cuba',
  official: 'Republic of Cuba',
  nativeName: { spa: { official: 'República de Cuba', common: 'Cuba' } }
}
Americas
Caribbean
11326616
{
  common: 'Trinidad and Tobago',
  official: 'Republic of Trinidad and Tobago',
  nativeName: {
    eng: {
      official: 'Republic of Trinidad and Tobago',
      common: 'Trinidad and Tobago'
    }
  }
}
Americas
Caribbean
1399491
{
  common: 'Comoros',
  official: 'Union of the Comoros',
  nativeName: {
    ara: { official: 'الاتحاد القمري', common: 'القمر‎' },
    fra: { official: 'Union des Comores', common: 'Comores' },
    zdj: { official: 'Udzima wa Komori', common: 'Komori' }
  }
}
Africa
Eastern Africa
869595
{
  common: 'Nauru',
  official: 'Republic of Nauru',
  nativeName: {
    eng: { official: 'Republic of Nauru', common: 'Nauru' },
    nau: { official: 'Republic of Nauru', common: 'Nauru' }
  }
}
Oceania
Micronesia
10834
{
  common: 'Saint Helena, Ascension and Tristan da Cunha',
  official: 'Saint Helena, Ascension and Tristan da Cunha',
  nativeName: {
    eng: {
      official: 'Saint Helena, Ascension and Tristan da Cunha',
      common: 'Saint Helena, Ascension and Tristan da Cunha'
    }
  }
}
Africa
Western Africa
53192
{
  common: 'Romania',
  official: 'Romania',
  nativeName: { ron: { official: 'România', common: 'România' } }
}
Europe
Southeast Europe
19286123
{
  common: 'Marshall Islands',
  official: 'Republic of the Marshall Islands',
  nativeName: {
    eng: {
      official: 'Republic of the Marshall Islands',
      common: 'Marshall Islands'
    },
    mah: { official: 'Republic of the Marshall Islands', common: 'M̧ajeļ' }
  }
}
Oceania
Micronesia
59194
{
  common: 'Nepal',
  official: 'Federal Democratic Republic of Nepal',
  nativeName: {
    nep: { official: 'नेपाल संघीय लोकतान्त्रिक गणतन्त्र', common: 'नेपाल' }
  }
}
Asia
Southern Asia
29136808
{
  common: 'Ecuador',
  official: 'Republic of Ecuador',
  nativeName: { spa: { official: 'República del Ecuador', common: 'Ecuador' } }
}
Americas
South America
17643060
{
  common: 'Gabon',
  official: 'Gabonese Republic',
  nativeName: { fra: { official: 'République gabonaise', common: 'Gabon' } }
}
Africa
Middle Africa
2225728
{
  common: 'Saudi Arabia',
  official: 'Kingdom of Saudi Arabia',
  nativeName: {
    ara: {
      official: 'المملكة العربية السعودية',
      common: 'العربية السعودية'
    }
  }
}
Asia
Western Asia
34813867
{
  common: 'Dominican Republic',
  official: 'Dominican Republic',
  nativeName: {
    spa: {
      official: 'República Dominicana',
      common: 'República Dominicana'
    }
  }
}
Americas
Caribbean
10847904
{
  common: 'Saint Pierre and Miquelon',
  official: 'Saint Pierre and Miquelon',
  nativeName: {
    fra: {
      official: 'Collectivité territoriale de Saint-Pierre-et-Miquelon',
      common: 'Saint-Pierre-et-Miquelon'
    }
  }
}
Americas
North America
6069
{
  common: 'Faroe Islands',
  official: 'Faroe Islands',
  nativeName: {
    dan: { official: 'Færøerne', common: 'Færøerne' },
    fao: { official: 'Føroyar', common: 'Føroyar' }
  }
}
Europe
Northern Europe
48865
{
  common: 'Kiribati',
  official: 'Independent and Sovereign Republic of Kiribati',
  nativeName: {
    eng: {
      official: 'Independent and Sovereign Republic of Kiribati',
      common: 'Kiribati'
    },
    gil: { official: 'Ribaberiki Kiribati', common: 'Kiribati' }
  }
}
Oceania
Micronesia
119446
{
  common: 'Vanuatu',
  official: 'Republic of Vanuatu',
  nativeName: {
    bis: { official: 'Ripablik blong Vanuatu', common: 'Vanuatu' },
    eng: { official: 'Republic of Vanuatu', common: 'Vanuatu' },
    fra: { official: 'République de Vanuatu', common: 'Vanuatu' }
  }
}
Oceania
Melanesia
307150
{
  common: 'Hungary',
  official: 'Hungary',
  nativeName: { hun: { official: 'Magyarország', common: 'Magyarország' } }
}
Europe
Central Europe
9749763
{
  common: 'South Georgia',
  official: 'South Georgia and the South Sandwich Islands',
  nativeName: {
    eng: {
      official: 'South Georgia and the South Sandwich Islands',
      common: 'South Georgia'
    }
  }
}
Antarctic
undefined
30
{
  common: 'Yemen',
  official: 'Republic of Yemen',
  nativeName: { ara: { official: 'الجمهورية اليمنية', common: 'اليَمَن' } }
}
Asia
Western Asia
29825968
{
  common: 'French Guiana',
  official: 'Guiana',
  nativeName: { fra: { official: 'Guyane', common: 'Guyane française' } }
}
Americas
South America
254541
{
  common: 'Seychelles',
  official: 'Republic of Seychelles',
  nativeName: {
    crs: { official: 'Repiblik Sesel', common: 'Sesel' },
    eng: { official: 'Republic of Seychelles', common: 'Seychelles' },
    fra: { official: 'République des Seychelles', common: 'Seychelles' }
  }
}
Africa
Eastern Africa
98462
{
  common: 'American Samoa',
  official: 'American Samoa',
  nativeName: {
    eng: { official: 'American Samoa', common: 'American Samoa' },
    smo: { official: 'Sāmoa Amelika', common: 'Sāmoa Amelika' }
  }
}
Oceania
Polynesia
55197
{
  common: 'Cyprus',
  official: 'Republic of Cyprus',
  nativeName: {
    ell: { official: 'Δημοκρατία της Κύπρος', common: 'Κύπρος' },
    tur: { official: 'Kıbrıs Cumhuriyeti', common: 'Kıbrıs' }
  }
}
Europe
Southern Europe
1207361
{
  common: 'Libya',
  official: 'State of Libya',
  nativeName: { ara: { official: 'الدولة ليبيا', common: '‏ليبيا' } }
}
Africa
Northern Africa
6871287
{
  common: 'Israel',
  official: 'State of Israel',
  nativeName: {
    ara: { official: 'دولة إسرائيل', common: 'إسرائيل' },
    heb: { official: 'מדינת ישראל', common: 'ישראל' }
  }
}
Asia
Western Asia
9216900
{
  common: 'Vietnam',
  official: 'Socialist Republic of Vietnam',
  nativeName: {
    vie: {
      official: 'Cộng hòa xã hội chủ nghĩa Việt Nam',
      common: 'Việt Nam'
    }
  }
}
Asia
South-Eastern Asia
97338583
{
  common: 'Slovenia',
  official: 'Republic of Slovenia',
  nativeName: { slv: { official: 'Republika Slovenija', common: 'Slovenija' } }
}
Europe
Central Europe
2100126
{
  common: 'Iran',
  official: 'Islamic Republic of Iran',
  nativeName: { fas: { official: 'جمهوری اسلامی ایران', common: 'ایران' } }
}
Asia
Southern Asia
83992953
{
  common: 'Namibia',
  official: 'Republic of Namibia',
  nativeName: {
    afr: { official: 'Republiek van Namibië', common: 'Namibië' },
    deu: { official: 'Republik Namibia', common: 'Namibia' },
    eng: { official: 'Republic of Namibia', common: 'Namibia' },
    her: { official: 'Republic of Namibia', common: 'Namibia' },
    hgm: { official: 'Republic of Namibia', common: 'Namibia' },
    kwn: { official: 'Republic of Namibia', common: 'Namibia' },
    loz: { official: 'Republic of Namibia', common: 'Namibia' },
    ndo: { official: 'Republic of Namibia', common: 'Namibia' },
    tsn: { official: 'Lefatshe la Namibia', common: 'Namibia' }
  }
}
Africa
Southern Africa
2540916
{
  common: 'Greece',
  official: 'Hellenic Republic',
  nativeName: { ell: { official: 'Ελληνική Δημοκρατία', common: 'Ελλάδα' } }
}
Europe
Southern Europe
10715549
{
  common: 'Lebanon',
  official: 'Lebanese Republic',
  nativeName: {
    ara: { official: 'الجمهورية اللبنانية', common: 'لبنان' },
    fra: { official: 'République libanaise', common: 'Liban' }
  }
}
Asia
Western Asia
6825442
{
  common: 'Malaysia',
  official: 'Malaysia',
  nativeName: {
    eng: { official: 'Malaysia', common: 'Malaysia' },
    msa: { official: 'مليسيا', common: 'مليسيا' }
  }
}
Asia
South-Eastern Asia
32365998
{
  common: 'Mongolia',
  official: 'Mongolia',
  nativeName: { mon: { official: 'Монгол улс', common: 'Монгол улс' } }
}
Asia
Eastern Asia
3278292
{
  common: 'Åland Islands',
  official: 'Åland Islands',
  nativeName: { swe: { official: 'Landskapet Åland', common: 'Åland' } }
}
Europe
Northern Europe
29458
{
  common: 'Georgia',
  official: 'Georgia',
  nativeName: { kat: { official: 'საქართველო', common: 'საქართველო' } }
}
Asia
Western Asia
3714000
{
  common: 'Tajikistan',
  official: 'Republic of Tajikistan',
  nativeName: {
    rus: { official: 'Республика Таджикистан', common: 'Таджикистан' },
    tgk: { official: 'Ҷумҳурии Тоҷикистон', common: 'Тоҷикистон' }
  }
}
Asia
Central Asia
9537642
{
  common: 'Albania',
  official: 'Republic of Albania',
  nativeName: { sqi: { official: 'Republika e Shqipërisë', common: 'Shqipëria' } }
}
Europe
Southeast Europe
2837743
{
  common: 'Dominica',
  official: 'Commonwealth of Dominica',
  nativeName: { eng: { official: 'Commonwealth of Dominica', common: 'Dominica' } }
}
Americas
Caribbean
71991
{
  common: 'Turkmenistan',
  official: 'Turkmenistan',
  nativeName: {
    rus: { official: 'Туркменистан', common: 'Туркмения' },
    tuk: { official: 'Türkmenistan', common: 'Türkmenistan' }
  }
}
Asia
Central Asia
6031187
{
  common: 'Colombia',
  official: 'Republic of Colombia',
  nativeName: { spa: { official: 'República de Colombia', common: 'Colombia' } }
}
Americas
South America
50882884
{
  common: 'Heard Island and McDonald Islands',
  official: 'Heard Island and McDonald Islands',
  nativeName: {
    eng: {
      official: 'Heard Island and McDonald Islands',
      common: 'Heard Island and McDonald Islands'
    }
  }
}
Antarctic
undefined
0
{
  common: 'Venezuela',
  official: 'Bolivarian Republic of Venezuela',
  nativeName: {
    spa: {
      official: 'República Bolivariana de Venezuela',
      common: 'Venezuela'
    }
  }
}
Americas
South America
28435943
{
  common: 'Guinea',
  official: 'Republic of Guinea',
  nativeName: { fra: { official: 'République de Guinée', common: 'Guinée' } }
}
Africa
Western Africa
13132792
{
  common: 'South Sudan',
  official: 'Republic of South Sudan',
  nativeName: {
    eng: { official: 'Republic of South Sudan', common: 'South Sudan' }
  }
}
Africa
Middle Africa
11193729
{
  common: 'Ukraine',
  official: 'Ukraine',
  nativeName: { ukr: { official: 'Україна', common: 'Україна' } }
}
Europe
Eastern Europe
44134693
{
  common: 'Slovakia',
  official: 'Slovak Republic',
  nativeName: { slk: { official: 'Slovenská republika', common: 'Slovensko' } }
}
Europe
Central Europe
5458827
{
  common: 'Italy',
  official: 'Italian Republic',
  nativeName: { ita: { official: 'Repubblica italiana', common: 'Italia' } }
}
Europe
Southern Europe
59554023
{
  common: 'Falkland Islands',
  official: 'Falkland Islands',
  nativeName: { eng: { official: 'Falkland Islands', common: 'Falkland Islands' } }
}
Americas
South America
2563
{
  common: 'Guadeloupe',
  official: 'Guadeloupe',
  nativeName: { fra: { official: 'Guadeloupe', common: 'Guadeloupe' } }
}
Americas
Caribbean
400132
{
  common: 'Honduras',
  official: 'Republic of Honduras',
  nativeName: { spa: { official: 'República de Honduras', common: 'Honduras' } }
}
Americas
Central America
9904608
{
  common: 'Montenegro',
  official: 'Montenegro',
  nativeName: { cnr: { official: 'Црна Гора', common: 'Црна Гора' } }
}
Europe
Southeast Europe
621718
{
  common: 'Estonia',
  official: 'Republic of Estonia',
  nativeName: { est: { official: 'Eesti Vabariik', common: 'Eesti' } }
}
Europe
Northern Europe
1331057
{
  common: 'Brazil',
  official: 'Federative Republic of Brazil',
  nativeName: {
    por: { official: 'República Federativa do Brasil', common: 'Brasil' }
  }
}
Americas
South America
212559409
{
  common: 'Mauritius',
  official: 'Republic of Mauritius',
  nativeName: {
    eng: { official: 'Republic of Mauritius', common: 'Mauritius' },
    fra: { official: 'République de Maurice', common: 'Maurice' },
    mfe: { official: 'Republik Moris', common: 'Moris' }
  }
}
Africa
Eastern Africa
1265740
{
  common: 'Thailand',
  official: 'Kingdom of Thailand',
  nativeName: { tha: { official: 'ราชอาณาจักรไทย', common: 'ประเทศไทย' } }
}
Asia
South-Eastern Asia
69799978
{
  common: 'Bolivia',
  official: 'Plurinational State of Bolivia',
  nativeName: {
    aym: { official: 'Wuliwya Suyu', common: 'Wuliwya' },
    grn: { official: 'Tetã Volívia', common: 'Volívia' },
    que: { official: 'Buliwya Mamallaqta', common: 'Buliwya' },
    spa: { official: 'Estado Plurinacional de Bolivia', common: 'Bolivia' }
  }
}
Americas
South America
11673029
{
  common: 'Sweden',
  official: 'Kingdom of Sweden',
  nativeName: { swe: { official: 'Konungariket Sverige', common: 'Sverige' } }
}
Europe
Northern Europe
10353442
{
  common: 'Guernsey',
  official: 'Bailiwick of Guernsey',
  nativeName: {
    eng: { official: 'Bailiwick of Guernsey', common: 'Guernsey' },
    fra: { official: 'Bailliage de Guernesey', common: 'Guernesey' },
    nfr: { official: 'Dgèrnésiais', common: 'Dgèrnésiais' }
  }
}
Europe
Northern Europe
62999
{
  common: 'Zambia',
  official: 'Republic of Zambia',
  nativeName: { eng: { official: 'Republic of Zambia', common: 'Zambia' } }
}
Africa
Eastern Africa
18383956
{
  common: 'Eritrea',
  official: 'State of Eritrea',
  nativeName: {
    ara: { official: 'دولة إرتريا', common: 'إرتريا‎' },
    eng: { official: 'State of Eritrea', common: 'Eritrea' },
    tir: { official: 'ሃገረ ኤርትራ', common: 'ኤርትራ' }
  }
}
Africa
Eastern Africa
5352000
{
  common: 'Kazakhstan',
  official: 'Republic of Kazakhstan',
  nativeName: {
    kaz: { official: 'Қазақстан Республикасы', common: 'Қазақстан' },
    rus: { official: 'Республика Казахстан', common: 'Казахстан' }
  }
}
Asia
Central Asia
18754440
{
  common: 'Morocco',
  official: 'Kingdom of Morocco',
  nativeName: {
    ara: { official: 'المملكة المغربية', common: 'المغرب' },
    ber: { official: 'ⵜⴰⴳⵍⴷⵉⵜ ⵏ ⵍⵎⵖⵔⵉⴱ', common: 'ⵍⵎⴰⵖⵔⵉⴱ' }
  }
}
Africa
Northern Africa
36910558
{
  common: 'Jordan',
  official: 'Hashemite Kingdom of Jordan',
  nativeName: { ara: { official: 'المملكة الأردنية الهاشمية', common: 'الأردن' } }
}
Asia
Western Asia
10203140
{
  common: 'Myanmar',
  official: 'Republic of the Union of Myanmar',
  nativeName: {
    mya: {
      official: 'ပြည်ထောင်စု သမ္မတ မြန်မာနိုင်ငံတော်',
      common: 'မြန်မာ'
    }
  }
}
Asia
South-Eastern Asia
54409794
{
  common: 'San Marino',
  official: 'Republic of San Marino',
  nativeName: {
    ita: { official: 'Repubblica di San Marino', common: 'San Marino' }
  }
}
Europe
Southern Europe
33938
{
  common: 'Palau',
  official: 'Republic of Palau',
  nativeName: {
    eng: { official: 'Republic of Palau', common: 'Palau' },
    pau: { official: 'Beluu er a Belau', common: 'Belau' }
  }
}
Oceania
Micronesia
18092
{
  common: 'Mayotte',
  official: 'Department of Mayotte',
  nativeName: { fra: { official: 'Département de Mayotte', common: 'Mayotte' } }
}
Africa
Eastern Africa
226915
{
  common: 'United States Minor Outlying Islands',
  official: 'United States Minor Outlying Islands',
  nativeName: {
    eng: {
      official: 'United States Minor Outlying Islands',
      common: 'United States Minor Outlying Islands'
    }
  }
}
Americas
North America
300
{
  common: 'Czechia',
  official: 'Czech Republic',
  nativeName: {
    ces: { official: 'Česká republika', common: 'Česko' },
    slk: { official: 'Česká republika', common: 'Česko' }
  }
}
Europe
Central Europe
10698896
{
  common: 'Jamaica',
  official: 'Jamaica',
  nativeName: {
    eng: { official: 'Jamaica', common: 'Jamaica' },
    jam: { official: 'Jamaica', common: 'Jamaica' }
  }
}
Americas
Caribbean
2961161
{
  common: 'Kyrgyzstan',
  official: 'Kyrgyz Republic',
  nativeName: {
    kir: { official: 'Кыргыз Республикасы', common: 'Кыргызстан' },
    rus: { official: 'Кыргызская Республика', common: 'Киргизия' }
  }
}
Asia
Central Asia
6591600
{
  common: 'Sudan',
  official: 'Republic of the Sudan',
  nativeName: {
    ara: { official: 'جمهورية السودان', common: 'السودان' },
    eng: { official: 'Republic of the Sudan', common: 'Sudan' }
  }
}
Africa
Northern Africa
43849269
{
  common: 'São Tomé and Príncipe',
  official: 'Democratic Republic of São Tomé and Príncipe',
  nativeName: {
    por: {
      official: 'República Democrática do São Tomé e Príncipe',
      common: 'São Tomé e Príncipe'
    }
  }
}
Africa
Middle Africa
219161
{
  common: 'Gibraltar',
  official: 'Gibraltar',
  nativeName: { eng: { official: 'Gibraltar', common: 'Gibraltar' } }
}
Europe
Southern Europe
33691
{
  common: 'Niger',
  official: 'Republic of Niger',
  nativeName: { fra: { official: 'République du Niger', common: 'Niger' } }
}
Africa
Western Africa
24206636
{
  common: 'Caribbean Netherlands',
  official: 'Bonaire, Sint Eustatius and Saba',
  nativeName: {
    nld: {
      official: 'Bonaire, Sint Eustatius en Saba',
      common: 'Caribisch Nederland'
    },
    pap: {
      official: 'Boneiru, Sint Eustatius y Saba',
      common: 'Boneiru, Sint Eustatius y Saba'
    }
  }
}
Americas
Caribbean
25987
{
  common: 'Australia',
  official: 'Commonwealth of Australia',
  nativeName: {
    eng: { official: 'Commonwealth of Australia', common: 'Australia' }
  }
}
Oceania
Australia and New Zealand
25687041
{
  common: 'Luxembourg',
  official: 'Grand Duchy of Luxembourg',
  nativeName: {
    deu: { official: 'Großherzogtum Luxemburg', common: 'Luxemburg' },
    fra: { official: 'Grand-Duché de Luxembourg', common: 'Luxembourg' },
    ltz: { official: 'Groussherzogtum Lëtzebuerg', common: 'Lëtzebuerg' }
  }
}
Europe
Western Europe
632275
{
  common: 'Sint Maarten',
  official: 'Sint Maarten',
  nativeName: {
    eng: { official: 'Sint Maarten', common: 'Sint Maarten' },
    fra: { official: 'Saint-Martin', common: 'Saint-Martin' },
    nld: { official: 'Sint Maarten', common: 'Sint Maarten' }
  }
}
Americas
Caribbean
40812
{
  common: 'Lesotho',
  official: 'Kingdom of Lesotho',
  nativeName: {
    eng: { official: 'Kingdom of Lesotho', common: 'Lesotho' },
    sot: { official: 'Kingdom of Lesotho', common: 'Lesotho' }
  }
}
Africa
Southern Africa
2142252
{
  common: 'Poland',
  official: 'Republic of Poland',
  nativeName: { pol: { official: 'Rzeczpospolita Polska', common: 'Polska' } }
}
Europe
Central Europe
37950802
{
  common: 'Guam',
  official: 'Guam',
  nativeName: {
    cha: { official: 'Guåhån', common: 'Guåhån' },
    eng: { official: 'Guam', common: 'Guam' },
    spa: { official: 'Guam', common: 'Guam' }
  }
}
Oceania
Micronesia
168783
{
  common: 'Japan',
  official: 'Japan',
  nativeName: { jpn: { official: '日本', common: '日本' } }
}
Asia
Eastern Asia
125836021
{
  common: 'Liberia',
  official: 'Republic of Liberia',
  nativeName: { eng: { official: 'Republic of Liberia', common: 'Liberia' } }
}
Africa
Western Africa
5057677
{
  common: 'Cape Verde',
  official: 'Republic of Cabo Verde',
  nativeName: {
    por: { official: 'República de Cabo Verde', common: 'Cabo Verde' }
  }
}
Africa
Western Africa
555988
{
  common: 'Isle of Man',
  official: 'Isle of Man',
  nativeName: {
    eng: { official: 'Isle of Man', common: 'Isle of Man' },
    glv: { official: 'Ellan Vannin or Mannin', common: 'Mannin' }
  }
}
Europe
Northern Europe
85032
{
  common: 'Burundi',
  official: 'Republic of Burundi',
  nativeName: {
    fra: { official: 'République du Burundi', common: 'Burundi' },
    run: { official: "Republika y'Uburundi ", common: 'Uburundi' }
  }
}
Africa
Eastern Africa
11890781
{
  common: 'Papua New Guinea',
  official: 'Independent State of Papua New Guinea',
  nativeName: {
    eng: {
      official: 'Independent State of Papua New Guinea',
      common: 'Papua New Guinea'
    },
    hmo: {
      official: 'Independen Stet bilong Papua Niugini',
      common: 'Papua Niu Gini'
    },
    tpi: {
      official: 'Independen Stet bilong Papua Niugini',
      common: 'Papua Niugini'
    }
  }
}
Oceania
Melanesia
8947027
{
  common: 'Uganda',
  official: 'Republic of Uganda',
  nativeName: {
    eng: { official: 'Republic of Uganda', common: 'Uganda' },
    swa: { official: 'Republic of Uganda', common: 'Uganda' }
  }
}
Africa
Eastern Africa
45741000
{
  common: 'Afghanistan',
  official: 'Islamic Republic of Afghanistan',
  nativeName: {
    prs: { official: 'جمهوری اسلامی افغانستان', common: 'افغانستان' },
    pus: { official: 'د افغانستان اسلامي جمهوریت', common: 'افغانستان' },
    tuk: { official: 'Owganystan Yslam Respublikasy', common: 'Owganystan' }
  }
}
Asia
Southern Asia
40218234
{
  common: 'Wallis and Futuna',
  official: 'Territory of the Wallis and Futuna Islands',
  nativeName: {
    fra: {
      official: 'Territoire des îles Wallis et Futuna',
      common: 'Wallis et Futuna'
    }
  }
}
Oceania
Polynesia
11750
{
  common: 'Central African Republic',
  official: 'Central African Republic',
  nativeName: {
    fra: {
      official: 'République centrafricaine',
      common: 'République centrafricaine'
    },
    sag: { official: 'Ködörösêse tî Bêafrîka', common: 'Bêafrîka' }
  }
}
Africa
Middle Africa
4829764
{
  common: 'Vatican City',
  official: 'Vatican City State',
  nativeName: {
    ita: { official: 'Stato della Città del Vaticano', common: 'Vaticano' },
    lat: { official: 'Status Civitatis Vaticanæ', common: 'Vaticanæ' }
  }
}
Europe
Southern Europe
451
{
  common: 'France',
  official: 'French Republic',
  nativeName: { fra: { official: 'République française', common: 'France' } }
}
Europe
Western Europe
67391582
{
  common: 'United States',
  official: 'United States of America',
  nativeName: {
    eng: { official: 'United States of America', common: 'United States' }
  }
}
Americas
North America
329484123
{
  common: 'Timor-Leste',
  official: 'Democratic Republic of Timor-Leste',
  nativeName: {
    por: {
      official: 'República Democrática de Timor-Leste',
      common: 'Timor-Leste'
    },
    tet: {
      official: 'Repúblika Demokrátika Timór-Leste',
      common: 'Timór-Leste'
    }
  }
}
Asia
South-Eastern Asia
1318442
{
  common: 'Botswana',
  official: 'Republic of Botswana',
  nativeName: {
    eng: { official: 'Republic of Botswana', common: 'Botswana' },
    tsn: { official: 'Lefatshe la Botswana', common: 'Botswana' }
  }
}
Africa
Southern Africa
2351625
{
  common: 'Austria',
  official: 'Republic of Austria',
  nativeName: { bar: { official: 'Republik Österreich', common: 'Österreich' } }
}
Europe
Central Europe
8917205
{
  common: 'Belgium',
  official: 'Kingdom of Belgium',
  nativeName: {
    deu: { official: 'Königreich Belgien', common: 'Belgien' },
    fra: { official: 'Royaume de Belgique', common: 'Belgique' },
    nld: { official: 'Koninkrijk België', common: 'België' }
  }
}
Europe
Western Europe
11555997
{
  common: 'Greenland',
  official: 'Greenland',
  nativeName: { kal: { official: 'Kalaallit Nunaat', common: 'Kalaallit Nunaat' } }
}
Americas
North America
56367
{
  common: 'Portugal',
  official: 'Portuguese Republic',
  nativeName: { por: { official: 'República português', common: 'Portugal' } }
}
Europe
Southern Europe
10305564
{
  common: 'Laos',
  official: "Lao People's Democratic Republic",
  nativeName: {
    lao: { official: 'ສາທາລະນະ ຊາທິປະໄຕ ຄົນລາວ ຂອງ', common: 'ສປປລາວ' }
  }
}
Asia
South-Eastern Asia
7275556
{
  common: 'Guatemala',
  official: 'Republic of Guatemala',
  nativeName: { spa: { official: 'República de Guatemala', common: 'Guatemala' } }
}
Americas
Central America
16858333
{
  common: 'Liechtenstein',
  official: 'Principality of Liechtenstein',
  nativeName: {
    deu: { official: 'Fürstentum Liechtenstein', common: 'Liechtenstein' }
  }
}
Europe
Western Europe
38137
{
  common: 'Solomon Islands',
  official: 'Solomon Islands',
  nativeName: { eng: { official: 'Solomon Islands', common: 'Solomon Islands' } }
}
Oceania
Melanesia
686878
{
  common: 'Switzerland',
  official: 'Swiss Confederation',
  nativeName: {
    fra: { official: 'Confédération suisse', common: 'Suisse' },
    gsw: { official: 'Schweizerische Eidgenossenschaft', common: 'Schweiz' },
    ita: { official: 'Confederazione Svizzera', common: 'Svizzera' },
    roh: { official: 'Confederaziun svizra', common: 'Svizra' }
  }
}
Europe
Western Europe
8654622
{
  common: 'Palestine',
  official: 'State of Palestine',
  nativeName: { ara: { official: 'دولة فلسطين', common: 'فلسطين' } }
}
Asia
Western Asia
4803269
{
  common: 'Ireland',
  official: 'Republic of Ireland',
  nativeName: {
    eng: { official: 'Republic of Ireland', common: 'Ireland' },
    gle: { official: 'Poblacht na hÉireann', common: 'Éire' }
  }
}
Europe
Northern Europe
4994724
{
  common: 'Saint Martin',
  official: 'Saint Martin',
  nativeName: { fra: { official: 'Saint-Martin', common: 'Saint-Martin' } }
}
Americas
Caribbean
38659
{
  common: 'Syria',
  official: 'Syrian Arab Republic',
  nativeName: { ara: { official: 'الجمهورية العربية السورية', common: 'سوريا' } }
}
Asia
Western Asia
17500657
{
  common: 'Bangladesh',
  official: "People's Republic of Bangladesh",
  nativeName: { ben: { official: 'বাংলাদেশ গণপ্রজাতন্ত্রী', common: 'বাংলাদেশ' } }
}
Asia
Southern Asia
164689383
{
  common: 'Djibouti',
  official: 'Republic of Djibouti',
  nativeName: {
    ara: { official: 'جمهورية جيبوتي', common: 'جيبوتي‎' },
    fra: { official: 'République de Djibouti', common: 'Djibouti' }
  }
}
Africa
Eastern Africa
988002
{
  common: 'Ghana',
  official: 'Republic of Ghana',
  nativeName: { eng: { official: 'Republic of Ghana', common: 'Ghana' } }
}
Africa
Western Africa
31072945
{
  common: 'Denmark',
  official: 'Kingdom of Denmark',
  nativeName: { dan: { official: 'Kongeriget Danmark', common: 'Danmark' } }
}
Europe
Northern Europe
5831404
{
  common: 'Oman',
  official: 'Sultanate of Oman',
  nativeName: { ara: { official: 'سلطنة عمان', common: 'عمان' } }
}
Asia
Western Asia
5106622
{
  common: 'Bouvet Island',
  official: 'Bouvet Island',
  nativeName: { nor: { official: 'Bouvetøya', common: 'Bouvetøya' } }
}
Antarctic
undefined
0
{
  common: 'Bahamas',
  official: 'Commonwealth of the Bahamas',
  nativeName: {
    eng: { official: 'Commonwealth of the Bahamas', common: 'Bahamas' }
  }
}
Americas
Caribbean
393248
{
  common: 'Algeria',
  official: "People's Democratic Republic of Algeria",
  nativeName: {
    ara: {
      official: 'الجمهورية الديمقراطية الشعبية الجزائرية',
      common: 'الجزائر'
    }
  }
}
Africa
Northern Africa
44700000
{
  common: 'Haiti',
  official: 'Republic of Haiti',
  nativeName: {
    fra: { official: "République d'Haïti", common: 'Haïti' },
    hat: { official: 'Repiblik Ayiti', common: 'Ayiti' }
  }
}
Americas
Caribbean
11402533
{
  common: 'Ivory Coast',
  official: "Republic of Côte d'Ivoire",
  nativeName: {
    fra: {
      official: "République de Côte d'Ivoire",
      common: "Côte d'Ivoire"
    }
  }
}
Africa
Western Africa
26378275
{
  common: 'El Salvador',
  official: 'Republic of El Salvador',
  nativeName: {
    spa: { official: 'República de El Salvador', common: 'El Salvador' }
  }
}
Americas
Central America
6486201
{
  common: 'Netherlands',
  official: 'Kingdom of the Netherlands',
  nativeName: {
    nld: { official: 'Koninkrijk der Nederlanden', common: 'Nederland' }
  }
}
Europe
Western Europe
16655799
{
  common: 'Philippines',
  official: 'Republic of the Philippines',
  nativeName: {
    eng: { official: 'Republic of the Philippines', common: 'Philippines' },
    fil: { official: 'Republic of the Philippines', common: 'Pilipinas' }
  }
}
Asia
South-Eastern Asia
109581085
{
  common: 'Grenada',
  official: 'Grenada',
  nativeName: { eng: { official: 'Grenada', common: 'Grenada' } }
}
Americas
Caribbean
112519
{
  common: 'Norway',
  official: 'Kingdom of Norway',
  nativeName: {
    nno: { official: 'Kongeriket Noreg', common: 'Noreg' },
    nob: { official: 'Kongeriket Norge', common: 'Norge' },
    smi: { official: 'Norgga gonagasriika', common: 'Norgga' }
  }
}
Europe
Northern Europe
5379475
{
  common: 'Cook Islands',
  official: 'Cook Islands',
  nativeName: {
    eng: { official: 'Cook Islands', common: 'Cook Islands' },
    rar: { official: "Kūki 'Āirani", common: "Kūki 'Āirani" }
  }
}
Oceania
Polynesia
18100
{
  common: 'Andorra',
  official: 'Principality of Andorra',
  nativeName: { cat: { official: "Principat d'Andorra", common: 'Andorra' } }
}
Europe
Southern Europe
77265
{
  common: 'Cocos (Keeling) Islands',
  official: 'Territory of the Cocos (Keeling) Islands',
  nativeName: {
    eng: {
      official: 'Territory of the Cocos (Keeling) Islands',
      common: 'Cocos (Keeling) Islands'
    }
  }
}
Oceania
Australia and New Zealand
544
{
  common: 'Mali',
  official: 'Republic of Mali',
  nativeName: { fra: { official: 'République du Mali', common: 'Mali' } }
}
Africa
Western Africa
20250834
{
  common: 'Tokelau',
  official: 'Tokelau',
  nativeName: {
    eng: { official: 'Tokelau', common: 'Tokelau' },
    smo: { official: 'Tokelau', common: 'Tokelau' },
    tkl: { official: 'Tokelau', common: 'Tokelau' }
  }
}
Oceania
Polynesia
1411
{
  common: 'Tonga',
  official: 'Kingdom of Tonga',
  nativeName: {
    eng: { official: 'Kingdom of Tonga', common: 'Tonga' },
    ton: { official: 'Kingdom of Tonga', common: 'Tonga' }
  }
}
Oceania
Polynesia
105697
{
  common: 'Benin',
  official: 'Republic of Benin',
  nativeName: { fra: { official: 'République du Bénin', common: 'Bénin' } }
}
Africa
Western Africa
12123198
{
  common: 'Togo',
  official: 'Togolese Republic',
  nativeName: { fra: { official: 'République togolaise', common: 'Togo' } }
}
Africa
Western Africa
8278737
{
  common: 'Madagascar',
  official: 'Republic of Madagascar',
  nativeName: {
    fra: { official: 'République de Madagascar', common: 'Madagascar' },
    mlg: { official: "Repoblikan'i Madagasikara", common: 'Madagasikara' }
  }
}
Africa
Eastern Africa
27691019
{
  common: 'Anguilla',
  official: 'Anguilla',
  nativeName: { eng: { official: 'Anguilla', common: 'Anguilla' } }
}
Americas
Caribbean
13452
{
  common: 'Canada',
  official: 'Canada',
  nativeName: {
    eng: { official: 'Canada', common: 'Canada' },
    fra: { official: 'Canada', common: 'Canada' }
  }
}
Americas
North America
38005238
{
  common: 'Armenia',
  official: 'Republic of Armenia',
  nativeName: {
    hye: { official: 'Հայաստանի Հանրապետություն', common: 'Հայաստան' }
  }
}
Asia
Western Asia
2963234
{
  common: 'British Indian Ocean Territory',
  official: 'British Indian Ocean Territory',
  nativeName: {
    eng: {
      official: 'British Indian Ocean Territory',
      common: 'British Indian Ocean Territory'
    }
  }
}
Africa
Eastern Africa
3000
{
  common: 'Nigeria',
  official: 'Federal Republic of Nigeria',
  nativeName: {
    eng: { official: 'Federal Republic of Nigeria', common: 'Nigeria' }
  }
}
Africa
Western Africa
206139587
{
  common: 'Belize',
  official: 'Belize',
  nativeName: {
    bjz: { official: 'Belize', common: 'Belize' },
    eng: { official: 'Belize', common: 'Belize' },
    spa: { official: 'Belice', common: 'Belice' }
  }
}
Americas
Central America
397621
{
  common: 'Saint Barthélemy',
  official: 'Collectivity of Saint Barthélemy',
  nativeName: {
    fra: {
      official: 'Collectivité de Saint-Barthélemy',
      common: 'Saint-Barthélemy'
    }
  }
}
Americas
Caribbean
4255
{
  common: 'Lithuania',
  official: 'Republic of Lithuania',
  nativeName: { lit: { official: 'Lietuvos Respublikos', common: 'Lietuva' } }
}
Europe
Northern Europe
2794700
{
  common: 'New Caledonia',
  official: 'New Caledonia',
  nativeName: {
    fra: { official: 'Nouvelle-Calédonie', common: 'Nouvelle-Calédonie' }
  }
}
Oceania
Melanesia
271960
{
  common: 'Russia',
  official: 'Russian Federation',
  nativeName: { rus: { official: 'Российская Федерация', common: 'Россия' } }
}
Europe
Eastern Europe
144104080
{
  common: 'Cayman Islands',
  official: 'Cayman Islands',
  nativeName: { eng: { official: 'Cayman Islands', common: 'Cayman Islands' } }
}
Americas
Caribbean
65720
{
  common: 'Moldova',
  official: 'Republic of Moldova',
  nativeName: { ron: { official: 'Republica Moldova', common: 'Moldova' } }
}
Europe
Eastern Europe
2617820
{
  common: 'Croatia',
  official: 'Republic of Croatia',
  nativeName: { hrv: { official: 'Republika Hrvatska', common: 'Hrvatska' } }
}
Europe
Southeast Europe
4047200
{
  common: 'Serbia',
  official: 'Republic of Serbia',
  nativeName: { srp: { official: 'Република Србија', common: 'Србија' } }
}
Europe
Southeast Europe
6908224
{
  common: 'Malta',
  official: 'Republic of Malta',
  nativeName: {
    eng: { official: 'Republic of Malta', common: 'Malta' },
    mlt: { official: "Repubblika ta ' Malta", common: 'Malta' }
  }
}
Europe
Southern Europe
525285
{
  common: 'French Polynesia',
  official: 'French Polynesia',
  nativeName: {
    fra: { official: 'Polynésie française', common: 'Polynésie française' }
  }
}
Oceania
Polynesia
280904
{
  common: 'Latvia',
  official: 'Republic of Latvia',
  nativeName: { lav: { official: 'Latvijas Republikas', common: 'Latvija' } }
}
Europe
Northern Europe
1901548
{
  common: 'Chile',
  official: 'Republic of Chile',
  nativeName: { spa: { official: 'República de Chile', common: 'Chile' } }
}
Americas
South America
19116209
{
  common: 'Finland',
  official: 'Republic of Finland',
  nativeName: {
    fin: { official: 'Suomen tasavalta', common: 'Suomi' },
    swe: { official: 'Republiken Finland', common: 'Finland' }
  }
}
Europe
Northern Europe
5530719
{
  common: 'Germany',
  official: 'Federal Republic of Germany',
  nativeName: {
    deu: { official: 'Bundesrepublik Deutschland', common: 'Deutschland' }
  }
}
Europe
Western Europe
83240525
{
  common: 'New Zealand',
  official: 'New Zealand',
  nativeName: {
    eng: { official: 'New Zealand', common: 'New Zealand' },
    mri: { official: 'Aotearoa', common: 'Aotearoa' },
    nzs: { official: 'New Zealand', common: 'New Zealand' }
  }
}
Oceania
Australia and New Zealand
5084300
{ common: 'Antarctica', official: 'Antarctica' }
Antarctic
undefined
1000
{
  common: 'Indonesia',
  official: 'Republic of Indonesia',
  nativeName: { ind: { official: 'Republik Indonesia', common: 'Indonesia' } }
}
Asia
South-Eastern Asia
273523621
{
  common: 'Maldives',
  official: 'Republic of the Maldives',
  nativeName: {
    div: {
      official: 'ދިވެހިރާއްޖޭގެ ޖުމްހޫރިއްޔާ',
      common: 'ދިވެހިރާއްޖޭގެ'
    }
  }
}
Asia
Southern Asia
540542
{
  common: 'Pitcairn Islands',
  official: 'Pitcairn Group of Islands',
  nativeName: {
    eng: {
      official: 'Pitcairn Group of Islands',
      common: 'Pitcairn Islands'
    }
  }
}
Oceania
Polynesia
56
{
  common: 'Cameroon',
  official: 'Republic of Cameroon',
  nativeName: {
    eng: { official: 'Republic of Cameroon', common: 'Cameroon' },
    fra: { official: 'République du Cameroun', common: 'Cameroun' }
  }
}
Africa
Middle Africa
26545864
{
  common: 'Western Sahara',
  official: 'Sahrawi Arab Democratic Republic',
  nativeName: {
    ber: {
      official: 'Sahrawi Arab Democratic Republic',
      common: 'Western Sahara'
    },
    mey: {
      official: 'الجمهورية العربية الصحراوية الديمقراطية',
      common: 'الصحراء الغربية'
    },
    spa: {
      official: 'República Árabe Saharaui Democrática',
      common: 'Sahara Occidental'
    }
  }
}
Africa
Northern Africa
510713
{
  common: 'Brunei',
  official: 'Nation of Brunei, Abode of Peace',
  nativeName: {
    msa: {
      official: 'Nation of Brunei, Abode Damai',
      common: 'Negara Brunei Darussalam'
    }
  }
}
Asia
South-Eastern Asia
437483
{
  common: 'Guyana',
  official: 'Co-operative Republic of Guyana',
  nativeName: {
    eng: { official: 'Co-operative Republic of Guyana', common: 'Guyana' }
  }
}
Americas
South America
786559
{
  common: 'Tanzania',
  official: 'United Republic of Tanzania',
  nativeName: {
    eng: { official: 'United Republic of Tanzania', common: 'Tanzania' },
    swa: { official: 'Jamhuri ya Muungano wa Tanzania', common: 'Tanzania' }
  }
}
Africa
Eastern Africa
59734213
{
  common: 'Chad',
  official: 'Republic of Chad',
  nativeName: {
    ara: { official: 'جمهورية تشاد', common: 'تشاد‎' },
    fra: { official: 'République du Tchad', common: 'Tchad' }
  }
}
Africa
Middle Africa
16425859
{
  common: 'French Southern and Antarctic Lands',
  official: 'Territory of the French Southern and Antarctic Lands',
  nativeName: {
    fra: {
      official: 'Territoire des Terres australes et antarctiques françaises',
      common: 'Terres australes et antarctiques françaises'
    }
  }
}
Antarctic
undefined
400
{
  common: 'Cambodia',
  official: 'Kingdom of Cambodia',
  nativeName: { khm: { official: 'ព្រះរាជាណាចក្រកម្ពុជា', common: 'Kâmpŭchéa' } }
}
Asia
South-Eastern Asia
16718971
{
  common: 'Qatar',
  official: 'State of Qatar',
  nativeName: { ara: { official: 'دولة قطر', common: 'قطر' } }
}
Asia
Western Asia
2881060
{
  common: 'Argentina',
  official: 'Argentine Republic',
  nativeName: {
    grn: { official: 'Argentine Republic', common: 'Argentina' },
    spa: { official: 'República Argentina', common: 'Argentina' }
  }
}
Americas
South America
45376763
{
  common: 'Iraq',
  official: 'Republic of Iraq',
  nativeName: {
    ara: { official: 'جمهورية العراق', common: 'العراق' },
    arc: { official: 'ܩܘܼܛܢܵܐ ܐܝܼܪܲܩ', common: 'ܩܘܼܛܢܵܐ' },
    ckb: { official: 'کۆماری عێراق', common: 'کۆماری' }
  }
}
Asia
Western Asia
40222503
{
  common: 'Bhutan',
  official: 'Kingdom of Bhutan',
  nativeName: { dzo: { official: 'འབྲུག་རྒྱལ་ཁབ་', common: 'འབྲུག་ཡུལ་' } }
}
Asia
Southern Asia
771612
{
  common: 'Niue',
  official: 'Niue',
  nativeName: {
    eng: { official: 'Niue', common: 'Niue' },
    niu: { official: 'Niuē', common: 'Niuē' }
  }
}
Oceania
Polynesia
1470
{
  common: 'South Korea',
  official: 'Republic of Korea',
  nativeName: { kor: { official: '대한민국', common: '한국' } }
}
Asia
Eastern Asia
51780579
{
  common: 'Hong Kong',
  official: "Hong Kong Special Administrative Region of the People's Republic of China",
  nativeName: {
    eng: {
      official: "Hong Kong Special Administrative Region of the People's Republic of China",
      common: 'Hong Kong'
    },
    zho: { official: '中华人民共和国香港特别行政区', common: '香港' }
  }
}
Asia
Eastern Asia
7500700
{
  common: 'North Macedonia',
  official: 'Republic of North Macedonia',
  nativeName: {
    mkd: { official: 'Република Северна Македонија', common: 'Македонија' }
  }
}
Europe
Southeast Europe
2077132
{
  common: 'Burkina Faso',
  official: 'Burkina Faso',
  nativeName: {
    fra: { official: 'République du Burkina', common: 'Burkina Faso' }
  }
}
Africa
Western Africa
20903278
{
  common: 'Puerto Rico',
  official: 'Commonwealth of Puerto Rico',
  nativeName: {
    eng: { official: 'Commonwealth of Puerto Rico', common: 'Puerto Rico' },
    spa: {
      official: 'Estado Libre Asociado de Puerto Rico',
      common: 'Puerto Rico'
    }
  }
}
Americas
Caribbean
3194034
{
  common: 'Ethiopia',
  official: 'Federal Democratic Republic of Ethiopia',
  nativeName: { amh: { official: 'የኢትዮጵያ ፌዴራላዊ ዲሞክራሲያዊ ሪፐብሊክ', common: 'ኢትዮጵያ' } }
}
Africa
Eastern Africa
114963583
